<?xml version="1.0" encoding="UTF-8"?>
<includes>
    <!-- Labels -->
    <variable name="Label_Title" containers="301,503,513,523,533,543,573,583,593,553,7000,11,450" null_id="True">
        <value condition="!String.IsEmpty({listitem}.Property(base_tvshowtitle))">$INFO[{listitem}.Property(base_tvshowtitle)]</value>
        <value condition="!String.IsEmpty({listitem}.TvShowTitle)">$INFO[{listitem}.TvShowTitle]</value>
        <value condition="!String.IsEmpty({listitem}.AlbumArtist) + [String.IsEqual({listitem}.DBType,song) | String.IsEqual({listitem}.DBType,album) | String.IsEqual({listitem}.DBType,musicvideo)]">$INFO[{listitem}.AlbumArtist]</value>
        <value condition="!String.IsEmpty({listitem}.Artist) + [String.IsEqual({listitem}.DBType,song) | String.IsEqual({listitem}.DBType,album) | String.IsEqual({listitem}.DBType,artist) | String.IsEqual({listitem}.DBType,musicvideo)]">$INFO[{listitem}.Artist]</value>
        <value condition="!String.IsEmpty({listitem}.Property(base_title))">$INFO[{listitem}.Property(base_title)]</value>
        <value condition="!String.IsEmpty({listitem}.Title)">$INFO[{listitem}.Title]</value>
        <value condition="!String.IsEmpty({listitem}.ChannelName)">$INFO[{listitem}.ChannelName]</value>
        <value condition="!String.IsEmpty({listitem}.ChannelNumberLabel)">$INFO[{listitem}.ChannelNumberLabel]</value>
        <value condition="!String.IsEmpty({listitem}.Property(base_label))">$INFO[{listitem}.Property(base_label)]</value>
        <value condition="!String.IsEmpty({listitem}.Label)">$INFO[{listitem}.Label]</value>
    </variable>

    <variable name="Label_Plot_Episode_Type" containers="301,503,513,523,533,543,573,583,593,553,7000,11,450" null_id="True">
        <value condition="String.IsEqual({listitem}.Property(episode_type),series_premiere)">$LOCALIZE[31210]</value>
        <value condition="String.IsEqual({listitem}.Property(episode_type),season_premiere)">$LOCALIZE[31211]</value>
        <value condition="String.IsEqual({listitem}.Property(episode_type),mid_season_premiere)">$LOCALIZE[31212]</value>
        <value condition="String.IsEqual({listitem}.Property(episode_type),series_finale)">$LOCALIZE[31214]</value>
        <value condition="String.IsEqual({listitem}.Property(episode_type),season_finale)">$LOCALIZE[31215]</value>
        <value condition="String.IsEqual({listitem}.Property(episode_type),mid_season_finale)">$LOCALIZE[31218]</value>
        <value>$VAR[Label_Plot_Episode_Type_TMDBHelper]</value>
    </variable>

    <variable name="Label_Plot_Episode_Number" containers="301,503,513,523,533,543,573,583,593,553,7000,11,450" null_id="True">
        <value condition="!String.IsEqual({listitem}.DBType,episode) | String.IsEmpty({listitem}.Season) | String.IsEmpty({listitem}.Episode)" />
        <value condition="!Integer.IsLess({listitem}.Episode,10)">$INFO[{listitem}.Season]$INFO[{listitem}.Episode,x,]</value>
        <value>$INFO[{listitem}.Season]$INFO[{listitem}.Episode,x0,]</value>
    </variable>

    <variable name="Label_Plot_Episode_Number_LIA" containers="513" start="0" end="50">
        <value condition="!String.IsEqual({listitemabsolute}.DBType,episode) | String.IsEmpty({listitemabsolute}.Season) | String.IsEmpty({listitemabsolute}.Episode)" />
        <value condition="!Integer.IsLess({listitemabsolute}.Episode,10)">$INFO[{listitemabsolute}.Season]$INFO[{listitemabsolute}.Episode,x,]</value>
        <value>$INFO[{listitemabsolute}.Season]$INFO[{listitemabsolute}.Episode,x0,]</value>
    </variable>

    <variable name="Label_Plot" containers="301,503,513,523,533,543,573,583,593,553,7000,11,450" null_id="True">
        <value condition="String.IsEqual({listitem}.DBType,episode) + !String.IsEmpty({listitem}.Property(base_plot))">$VAR[Label_Plot_Episode_Type{cid}{lid},,: ]$VAR[Label_Plot_Episode_Number{cid}{lid},,. ]$INFO[{listitem}.Title]$INFO[{listitem}.Property(base_plot), ~ ,]</value>
        <value condition="String.IsEqual({listitem}.DBType,episode) + !String.IsEmpty({listitem}.Plot)">$VAR[Label_Plot_Episode_Type{cid}{lid},,: ]$VAR[Label_Plot_Episode_Number{cid}{lid},,. ]$INFO[{listitem}.Title]$INFO[{listitem}.Plot, ~ ,]</value>
        <value condition="!String.IsEmpty({listitem}.Property(base_plot))">$INFO[{listitem}.Property(base_plot)]</value>
        <value condition="!String.IsEmpty({listitem}.Plot)">$INFO[{listitem}.Plot]</value>
        <value condition="!String.IsEmpty({listitem}.Property(Album_Description))">$INFO[{listitem}.Property(Album_Description)]</value>
        <value condition="!String.IsEmpty({listitem}.Property(Artist_Description))">$INFO[{listitem}.Property(Artist_Description)]</value>
        <value condition="!String.IsEmpty({listitem}.AddonDescription)">$INFO[{listitem}.AddonDescription]</value>
        <value condition="!String.IsEmpty({listitem}.Property(biography))">$INFO[{listitem}.Property(biography)]</value>
    </variable>

    <variable name="Label_Landscape_Plot" containers="51,513">
        <value condition="!String.IsEmpty({listitem}.Property(Album_Description))">$INFO[{listitem}.Property(Album_Description)]</value>
        <value condition="!String.IsEmpty({listitem}.Property(Artist_Description))">$INFO[{listitem}.Property(Artist_Description)]</value>
        <value condition="!String.IsEmpty({listitem}.AddonDescription)">$INFO[{listitem}.AddonDescription]</value>
        <value condition="!String.IsEmpty({listitem}.Plot)">$INFO[{listitem}.Plot]</value>
        <value condition="!String.IsEmpty({listitem}.Property(biography))">$INFO[{listitem}.Property(biography)]</value>
    </variable>

    <variable name="Label_Landscape_Lower" containers="50,503,51,513">
        <value condition="!String.IsEmpty({listitem}.Property(job))">$INFO[{listitem}.Property(job)]$INFO[{listitem}.Property(episodes), (,)]</value>
        <value condition="!String.IsEmpty({listitem}.Property(role))">$INFO[{listitem}.Property(role)]$INFO[{listitem}.Property(episodes), (,)]</value>
        <value condition="!String.IsEmpty({listitem}.Property(character))">$INFO[{listitem}.Property(character)]$INFO[{listitem}.Property(episodes), (,)]</value>
        <value condition="!String.IsEmpty({listitem}.Property(department))">$INFO[{listitem}.Property(department)]$INFO[{listitem}.Property(episodes), (,)]</value>
        <value condition="!String.IsEmpty({listitem}.ChannelNumberLabel) + !String.IsEmpty({listitem}.Title) + !String.IsEqual({listitem}.Title,{listitem}.Label)">$INFO[{listitem}.Title]</value>
        <value condition="!String.IsEmpty({listitem}.ChannelNumberLabel) + !String.IsEmpty({listitem}.ChannelName)">$INFO[{listitem}.ChannelName]</value>
        <value condition="!String.IsEmpty({listitem}.TvShowTitle) + !String.IsEqual({listitem}.Title,{listitem}.TVShowTitle) + !String.IsEqual({listitem}.DBType,tvshow)">$INFO[{listitem}.TvShowTitle]</value>
        <value condition="!String.IsEmpty({listitem}.AlbumArtist) + !String.IsEqual({listitem}.Title,{listitem}.AlbumArtist) + !String.IsEqual({listitem}.DBType,artist)">$INFO[{listitem}.AlbumArtist]</value>
        <value condition="!String.IsEmpty({listitem}.Artist) + !String.IsEqual({listitem}.Title,{listitem}.Artist) + !String.IsEqual({listitem}.DBType,artist)">$INFO[{listitem}.Artist]</value>
        <value condition="!String.IsEmpty({listitem}.Genre)">$INFO[{listitem}.Genre]</value>
        <value condition="!String.IsEmpty({listitem}.Premiered)">$INFO[{listitem}.Premiered]</value>
        <value condition="!String.IsEmpty({listitem}.PictureResolution)">$INFO[{listitem}.PictureResolution]</value>
        <value condition="!String.IsEmpty({listitem}.Label2)">$INFO[{listitem}.Label2]</value>
        <value condition="!String.IsEmpty({listitem}.Date)">$INFO[{listitem}.Date]</value>
        <value condition="!String.IsEmpty({listitem}.AddonType)">$INFO[{listitem}.AddonType]</value>
        <value condition="!String.IsEmpty({listitem}.AddonVersion)">$INFO[{listitem}.AddonVersion]</value>
        <value condition="!String.IsEmpty({listitem}.DBType)">$INFO[{listitem}.DBType,[CAPITALIZE],[/CAPITALIZE]]</value>
        <value condition="!String.IsEmpty({listitem}.Property(widget))">$INFO[{listitem}.Property(widget)]</value>
        <value condition="!String.IsEmpty({listitem}.ChannelNumberLabel)">$LOCALIZE[19029]</value>
        <value condition="{listitem}.IsFolder">$LOCALIZE[19076]</value>
        <value>$LOCALIZE[31025]</value>
    </variable>

        <variable name="Label_Directing" containers="7000">
        <value condition="!String.IsEmpty({listitem}.Property(Director.1.Name))">$INFO[{listitem}.Property(Director.1.Name)]$INFO[{listitem}.Property(Director.1.Role), (,)]$INFO[{listitem}.Property(Director.2.Name),[CR],]$INFO[{listitem}.Property(Director.2.Role), (,)]$INFO[{listitem}.Property(Director.3.Name),[CR],]$INFO[{listitem}.Property(Director.3.Role), (,)]$INFO[{listitem}.Property(Director.4.Name),[CR],]$INFO[{listitem}.Property(Director.4.Role), (,)]$INFO[{listitem}.Property(Director.5.Name),[CR],]$INFO[{listitem}.Property(Director.5.Role), (,)]$INFO[{listitem}.Property(Director.6.Name),[CR],]$INFO[{listitem}.Property(Director.6.Role), (,)]$INFO[{listitem}.Property(Director.7.Name),[CR],]$INFO[{listitem}.Property(Director.7.Role), (,)]$INFO[{listitem}.Property(Director.8.Name),[CR],]$INFO[{listitem}.Property(Director.8.Role), (,)]$INFO[{listitem}.Property(Director.9.Name),[CR],]$INFO[{listitem}.Property(Director.9.Role), (,)]</value>
    </variable>

    <variable name="Label_Writing" containers="7000">
        <value condition="!String.IsEmpty({listitem}.Property(Writer.1.Name))">$INFO[{listitem}.Property(Writer.1.Name)]$INFO[{listitem}.Property(Writer.1.Role), (,)]$INFO[{listitem}.Property(Writer.2.Name),[CR],]$INFO[{listitem}.Property(Writer.2.Role), (,)]$INFO[{listitem}.Property(Writer.3.Name),[CR],]$INFO[{listitem}.Property(Writer.3.Role), (,)]$INFO[{listitem}.Property(Writer.4.Name),[CR],]$INFO[{listitem}.Property(Writer.4.Role), (,)]$INFO[{listitem}.Property(Writer.5.Name),[CR],]$INFO[{listitem}.Property(Writer.5.Role), (,)]$INFO[{listitem}.Property(Writer.6.Name),[CR],]$INFO[{listitem}.Property(Writer.6.Role), (,)]$INFO[{listitem}.Property(Writer.7.Name),[CR],]$INFO[{listitem}.Property(Writer.7.Role), (,)]$INFO[{listitem}.Property(Writer.8.Name),[CR],]$INFO[{listitem}.Property(Writer.8.Role), (,)]$INFO[{listitem}.Property(Writer.9.Name),[CR],]$INFO[{listitem}.Property(Writer.9.Role), (,)]</value>
    </variable>

    <variable name="Label_Production" containers="7000">
        <value condition="!String.IsEmpty({listitem}.Property(Producer.1.Name))">$INFO[{listitem}.Property(Producer.1.Name)]$INFO[{listitem}.Property(Producer.1.Role), (,)]$INFO[{listitem}.Property(Producer.2.Name),[CR],]$INFO[{listitem}.Property(Producer.2.Role), (,)]$INFO[{listitem}.Property(Producer.3.Name),[CR],]$INFO[{listitem}.Property(Producer.3.Role), (,)]$INFO[{listitem}.Property(Producer.4.Name),[CR],]$INFO[{listitem}.Property(Producer.4.Role), (,)]$INFO[{listitem}.Property(Producer.5.Name),[CR],]$INFO[{listitem}.Property(Producer.5.Role), (,)]$INFO[{listitem}.Property(Producer.6.Name),[CR],]$INFO[{listitem}.Property(Producer.6.Role), (,)]$INFO[{listitem}.Property(Producer.7.Name),[CR],]$INFO[{listitem}.Property(Producer.7.Role), (,)]$INFO[{listitem}.Property(Producer.8.Name),[CR],]$INFO[{listitem}.Property(Producer.8.Role), (,)]$INFO[{listitem}.Property(Producer.9.Name),[CR],]$INFO[{listitem}.Property(Producer.9.Role), (,)]</value>
    </variable>

    <variable name="Label_Sound" containers="7000">
        <value condition="!String.IsEmpty({listitem}.Property(Sound_Department.1.Name))">$INFO[{listitem}.Property(Sound_Department.1.Name)]$INFO[{listitem}.Property(Sound_Department.1.Role), (,)]$INFO[{listitem}.Property(Sound_Department.2.Name),[CR],]$INFO[{listitem}.Property(Sound_Department.2.Role), (,)]$INFO[{listitem}.Property(Sound_Department.3.Name),[CR],]$INFO[{listitem}.Property(Sound_Department.3.Role), (,)]$INFO[{listitem}.Property(Sound_Department.4.Name),[CR],]$INFO[{listitem}.Property(Sound_Department.4.Role), (,)]$INFO[{listitem}.Property(Sound_Department.5.Name),[CR],]$INFO[{listitem}.Property(Sound_Department.5.Role), (,)]$INFO[{listitem}.Property(Sound_Department.6.Name),[CR],]$INFO[{listitem}.Property(Sound_Department.6.Role), (,)]$INFO[{listitem}.Property(Sound_Department.7.Name),[CR],]$INFO[{listitem}.Property(Sound_Department.7.Role), (,)]$INFO[{listitem}.Property(Sound_Department.8.Name),[CR],]$INFO[{listitem}.Property(Sound_Department.8.Role), (,)]$INFO[{listitem}.Property(Sound_Department.9.Name),[CR],]$INFO[{listitem}.Property(Sound_Department.9.Role), (,)]</value>
    </variable>

    <variable name="Label_ArtDepartment" containers="7000">
        <value condition="!String.IsEmpty({listitem}.Property(Art_Department.1.Name))">$INFO[{listitem}.Property(Art_Department.1.Name)]$INFO[{listitem}.Property(Art_Department.1.Role), (,)]$INFO[{listitem}.Property(Art_Department.2.Name),[CR],]$INFO[{listitem}.Property(Art_Department.2.Role), (,)]$INFO[{listitem}.Property(Art_Department.3.Name),[CR],]$INFO[{listitem}.Property(Art_Department.3.Role), (,)]$INFO[{listitem}.Property(Art_Department.4.Name),[CR],]$INFO[{listitem}.Property(Art_Department.4.Role), (,)]$INFO[{listitem}.Property(Art_Department.5.Name),[CR],]$INFO[{listitem}.Property(Art_Department.5.Role), (,)]$INFO[{listitem}.Property(Art_Department.6.Name),[CR],]$INFO[{listitem}.Property(Art_Department.6.Role), (,)]$INFO[{listitem}.Property(Art_Department.7.Name),[CR],]$INFO[{listitem}.Property(Art_Department.7.Role), (,)]$INFO[{listitem}.Property(Art_Department.8.Name),[CR],]$INFO[{listitem}.Property(Art_Department.8.Role), (,)]$INFO[{listitem}.Property(Art_Department.9.Name),[CR],]$INFO[{listitem}.Property(Art_Department.9.Role), (,)]</value>
    </variable>

    <variable name="Label_Cinematography" containers="7000">
        <value condition="!String.IsEmpty({listitem}.Property(Photography.1.Name))">$INFO[{listitem}.Property(Photography.1.Name)]$INFO[{listitem}.Property(Photography.1.Role), (,)]$INFO[{listitem}.Property(Photography.2.Name),[CR],]$INFO[{listitem}.Property(Photography.2.Role), (,)]$INFO[{listitem}.Property(Photography.3.Name),[CR],]$INFO[{listitem}.Property(Photography.3.Role), (,)]$INFO[{listitem}.Property(Photography.4.Name),[CR],]$INFO[{listitem}.Property(Photography.4.Role), (,)]$INFO[{listitem}.Property(Photography.5.Name),[CR],]$INFO[{listitem}.Property(Photography.5.Role), (,)]$INFO[{listitem}.Property(Photography.6.Name),[CR],]$INFO[{listitem}.Property(Photography.6.Role), (,)]$INFO[{listitem}.Property(Photography.7.Name),[CR],]$INFO[{listitem}.Property(Photography.7.Role), (,)]$INFO[{listitem}.Property(Photography.8.Name),[CR],]$INFO[{listitem}.Property(Photography.8.Role), (,)]$INFO[{listitem}.Property(Photography.9.Name),[CR],]$INFO[{listitem}.Property(Photography.9.Role), (,)]</value>
    </variable>

    <variable name="Label_Editing" containers="7000">
        <value condition="!String.IsEmpty({listitem}.Property(Editor.1.Name))">$INFO[{listitem}.Property(Editor.1.Name)]$INFO[{listitem}.Property(Editor.1.Role), (,)]$INFO[{listitem}.Property(Editor.2.Name),[CR],]$INFO[{listitem}.Property(Editor.2.Role), (,)]$INFO[{listitem}.Property(Editor.3.Name),[CR],]$INFO[{listitem}.Property(Editor.3.Role), (,)]$INFO[{listitem}.Property(Editor.4.Name),[CR],]$INFO[{listitem}.Property(Editor.4.Role), (,)]$INFO[{listitem}.Property(Editor.5.Name),[CR],]$INFO[{listitem}.Property(Editor.5.Role), (,)]$INFO[{listitem}.Property(Editor.6.Name),[CR],]$INFO[{listitem}.Property(Editor.6.Role), (,)]$INFO[{listitem}.Property(Editor.7.Name),[CR],]$INFO[{listitem}.Property(Editor.7.Role), (,)]$INFO[{listitem}.Property(Editor.8.Name),[CR],]$INFO[{listitem}.Property(Editor.8.Role), (,)]$INFO[{listitem}.Property(Editor.9.Name),[CR],]$INFO[{listitem}.Property(Editor.9.Role), (,)]</value>
    </variable>

    <variable name="Label_TopCast" containers="7000">
        <value condition="!String.IsEmpty({listitem}.Property(Cast.1.Name))">$INFO[{listitem}.Property(Cast.1.Name)]$INFO[{listitem}.Property(Cast.1.Role), (,)]$INFO[{listitem}.Property(Cast.2.Name),[CR],]$INFO[{listitem}.Property(Cast.2.Role), (,)]$INFO[{listitem}.Property(Cast.3.Name),[CR],]$INFO[{listitem}.Property(Cast.3.Role), (,)]$INFO[{listitem}.Property(Cast.4.Name),[CR],]$INFO[{listitem}.Property(Cast.4.Role), (,)]$INFO[{listitem}.Property(Cast.5.Name),[CR],]$INFO[{listitem}.Property(Cast.5.Role), (,)]$INFO[{listitem}.Property(Cast.6.Name),[CR],]$INFO[{listitem}.Property(Cast.6.Role), (,)]$INFO[{listitem}.Property(Cast.7.Name),[CR],]$INFO[{listitem}.Property(Cast.7.Role), (,)]$INFO[{listitem}.Property(Cast.8.Name),[CR],]$INFO[{listitem}.Property(Cast.8.Role), (,)]$INFO[{listitem}.Property(Cast.9.Name),[CR],]$INFO[{listitem}.Property(Cast.9.Role), (,)]</value>
    </variable>

    <variable name="Label_Critics" containers="7000">
        <value condition="!String.IsEmpty({listitem}.Property(rottentomatoes_consensus))">[B][COLOR=dialog_fg_90]$LOCALIZE[31024][/COLOR][/B][CR]$INFO[{listitem}.Property(rottentomatoes_consensus),, ]$INFO[{listitem}.Property(rottentomatoes_reviewsfresh),$LOCALIZE[31054] , ]$INFO[{listitem}.Property(rottentomatoes_reviewstotal),$LOCALIZE[31055] , $LOCALIZE[31056] ]</value>
        <value condition="!String.IsEmpty(ListItem.AddonNews)">[B][COLOR=dialog_fg_90]$LOCALIZE[24036][/COLOR][/B][CR]$INFO[ListItem.AddonNews]</value>
    </variable>

    <variable name="Label_AwardsWon" containers="7000">
        <value condition="!String.IsEmpty({listitem}.Property(Awards_Won_CR))">[CR][CR][B][COLOR=dialog_fg_90]$LOCALIZE[31286]$INFO[{listitem}.Property(Total_Awards_Won), ,] $LOCALIZE[31064][/COLOR][/B][CR]$INFO[{listitem}.Property(Awards_Won_CR)]</value>
    </variable>

    <variable name="Label_AwardsNominated" containers="7000">
        <value condition="!String.IsEmpty({listitem}.Property(Awards_Nominated_CR))">[CR][CR][B][COLOR=dialog_fg_90]$LOCALIZE[31287]$INFO[{listitem}.Property(Total_Awards_Nominated), ,] $LOCALIZE[31064][/COLOR][/B][CR]$INFO[{listitem}.Property(Awards_Nominated_CR)]</value>
    </variable>

    <variable name="Label_PlotBox" containers="7000">
        <value>$INFO[{listitem}.Tagline,[B][COLOR=dialog_fg_90]$LOCALIZE[202][/COLOR][/B][CR],[CR][CR]]$VAR[Label_Plot{cid}{lid},[B][COLOR=dialog_fg_90]$LOCALIZE[31028][/COLOR][/B][CR],]$VAR[Label_Critics{cid}{lid},[CR][CR],]$VAR[Label_Directing{cid}{lid},[CR][CR][B][COLOR=dialog_fg_90]$LOCALIZE[31038][/COLOR][/B][CR],]$VAR[Label_Writing{cid}{lid},[CR][CR][B][COLOR=dialog_fg_90]$LOCALIZE[31039][/COLOR][/B][CR],]$VAR[Label_TopCast{cid}{lid},[CR][CR][B][COLOR=dialog_fg_90]$LOCALIZE[31076][/COLOR][/B][CR],]$VAR[Label_Production{cid}{lid},[CR][CR][B][COLOR=dialog_fg_90]$LOCALIZE[31383][/COLOR][/B][CR],]$VAR[Label_Sound{cid}{lid},[CR][CR][B][COLOR=dialog_fg_90]$LOCALIZE[31052][/COLOR][/B][CR],]$VAR[Label_ArtDepartment{cid}{lid},[CR][CR][B][COLOR=dialog_fg_90]$LOCALIZE[31072][/COLOR][/B][CR],]$VAR[Label_Cinematography{cid}{lid},[CR][CR][B][COLOR=dialog_fg_90]$LOCALIZE[31067][/COLOR][/B][CR],]$VAR[Label_Editing{cid}{lid},[CR][CR][B][COLOR=dialog_fg_90]$LOCALIZE[31075][/COLOR][/B][CR],]$INFO[{listitem}.Property(Awards),[CR][CR][B][COLOR=dialog_fg_90]$LOCALIZE[31064][/COLOR][/B][CR],]$VAR[Label_AwardsWon{cid}{lid}]$VAR[Label_AwardsNominated{cid}{lid}]</value>
    </variable>

</includes>
