<contents>
    <template>generator/data/parts/basic_include.xmltemplate</template>
    <value name="comments">Standard Widgets</value>
    <value name="includes_name">skinvariables-homemenu-widgets</value>
    <value name="includes_part">
        <template>generator/data/parts/basic_content.xmltemplate</template>
        <value name="comments">Widget Group</value>
        <value name="includes_name">Hub_Menu_Group</value>
        <value name="includes_part">
            <template>generator/data/parts/widgets_grouplist.xmltemplate</template>
            <value name="grouplist_refocus">$VAR[Action_Home_Menu_SetFocus]</value>
            <value name="grouplist_widgets_only">True</value>
            <value name="grouplist_visible">True</value>
            <value name="grouplist_furniture_widget_id">499</value>
            <value name="grouplist_id">400</value>
            <value name="grouplist_widgets_bump_id">401</value>
            <value name="is_homemenu">true</value>

            <value name="all_sidemenu_widgets">
                <items menu="sidemenu">
                    <item>
                        <value name="comments">Sidemenu Widgets for {item} {item_x} {item_label}</value>
                        <condition>{item_disabled}!=True</condition>
                        <template>generator/data/parts/basic_template.xmltemplate</template>
                        <value name="widget_category_visible">String.IsEqual(Container(300).ListItem.Property(guid),{item_guid}) | !Skin.HasSetting(Hub.Home.DisableMoveBetweenGroups)</value>
                        <value name="grouplist_item_x">$MATH[{item_x} + 100]</value>
                        <enumitem name="position_enum_x">sidemenu_{item_menu}</enumitem>
                        <value name="widget_custom_onfocus"><![CDATA[
                            <onfocus>SetProperty(SideMenu.CurrentGUID,{item_guid},{property_window_id})</onfocus>
                            <onfocus>SetProperty(SideMenu.CurrentName,{item_label},{property_window_id})</onfocus>
                            <onfocus>SetProperty(SideMenu.CurrentItem,$MATH[{position_enum_x} - 1],{property_window_id})</onfocus>
                        ]]></value>
                        <value name="includes_part">
                            <items mode="widgets" item="{item_x}" menu="{item_menu}">
                                <item>
                                    <template>generator/data/parts/widgets_row.xmltemplate</template>
                                    <datafile>generator/data/setup/widgets_row.xml</datafile>
                                    <condition>{item_path}!=</condition>
                                    <condition>{item_disabled}!=True</condition>
                                    <enumitem name="enum_x">widget_{parent_item_menu}_{parent_item_x}</enumitem>
                                </item>
                            </items>
                        </value>
                    </item>
                </items>
            </value>

        </value>
    </value>

</contents>
