<?xml version="1.0" encoding="UTF-8"?>
<window type="dialog" id="1123">
    <defaultcontrol always="true">9000</defaultcontrol>
    <onload condition="String.IsEmpty(Window(Home).Property(PlayTrailer))">Close</onload>
    <onload condition="!String.IsEmpty(Window(Home).Property(PlayTrailer)) + Player.HasVideo + !String.IsEqual(Window(Home).Property(PlayTrailer),Player.FileNameAndPath)">Action(Stop)</onload>
    <onload condition="!String.IsEmpty(Window(Home).Property(PlayTrailer)) + [!Player.HasVideo | !String.IsEqual(Window(Home).Property(PlayTrailer),Player.FileNameAndPath)]">PlayMedia($ESCINFO[Window(Home).Property(PlayTrailer)],False,1)</onload>
    <onunload>ClearProperty(TrailerFullscreen,1123)</onunload>
    <onunload condition="Player.HasVideo">Action(Stop)</onunload>
    <onload>SetProperty(TMDbHelper.ContextMenu,True)</onload>
    <controls>

        <include>Dialog_Dim_Overlay</include>

        <control type="group">
            <include>Dimension_DialogMainMenu</include>
            <include>Animation_Right_Delay</include>

            <include content="Dialog_Foreground_Side">
                <param name="dialog_size">Dimension_DialogMainMenu</param>
                <param name="lines_right">dialog_panelgroup_w</param>
            </include>

            <control type="group">
                <right>dialog_panelgroup_w</right>
                <!-- Header -->
                <include content="Dialog_Head">
                    <param name="label">$LOCALIZE[20410]</param>
                </include>
                <include>Dialog_Head_CloseButton</include>

                <!-- Content -->
                <control type="group">
                    <include>Dimension_Dialog_Body</include>
                    <control type="group">
                        <include>Dimension_Dialog_Body_Group</include>
                        <control type="group">
                            <include content="Dimension_Padding">
                                <param name="pad">20</param>
                            </include>
                            <include content="Dialog_Outline_InnerBox">
                                <control type="image">
                                    <texture border="20" colordiffuse="black">common/dialog.png</texture>
                                </control>
                                <control type="videowindow" />
                            </include>
                            <control type="group">
                                <height>12</height>
                                <centerbottom>-40</centerbottom>
                                <control type="progress" id="499">
                                    <width>100%</width>
                                    <height>12</height>
                                    <info>Player.Progress</info>
                                    <visible>Player.HasVideo</visible>
                                    <texturebg colordiffuse="00ffffff" border="12,0,12,0">progress/progress-nib.png</texturebg>
                                </control>
                                <control type="progress">
                                    <description>Progressbar</description>
                                    <width>100%</width>
                                    <height>12</height>
                                    <info>Player.Progress</info>
                                    <texturebg colordiffuse="00ffffff" border="12,0,12,0">progress/progress-bg.png</texturebg>
                                    <midtexture colordiffuse="$VAR[ColorGradient]" border="12,0,12,0" diffuse="progress/diffuse.png">progress/progress-bg.png</midtexture>
                                    <include content="Defs_Progress_Colorfade">
                                        <param name="id">499</param>
                                    </include>
                                    <visible>Player.HasVideo</visible>
                                </control>
                            </control>
                        </control>
                    </control>
                </control>
            </control>

            <control type="group">
                <include>Dialog_Side_Panel_Group_Def</include>
                <!-- Side Buttons -->
                <control type="group">
                    <include>Dimension_Dialog_Body</include>
                    <control type="grouplist" id="9000">
                        <include>Dialog_Side_Expanded_Grouplist_Def</include>
                        <onleft condition="!Player.HasVideo">Close</onleft>
                        <onleft condition="Player.HasVideo">Seek(-10)</onleft>
                        <onright condition="Player.HasVideo">Seek(10)</onright>
                        <include content="DialogInfo_ExpandedButton">
                            <param name="id">9002</param>
                            <param name="groupid">9102</param>
                            <param name="label">$LOCALIZE[31485]</param>
                            <param name="icon">special://skin/extras/icons/stop.png</param>
                            <param name="visible">Player.HasVideo</param>
                            <onclick>Action(Stop)</onclick>
                            <onclick>Close</onclick>
                        </include>
                        <include content="DialogInfo_ExpandedButton">
                            <param name="id">9003</param>
                            <param name="groupid">9103</param>
                            <param name="label">$VAR[Label_Trailer_PlayPause]</param>
                            <param name="icon">$VAR[Image_Trailer_PlayPause]</param>
                            <param name="visible">Player.HasVideo</param>
                            <onclick>PlayerControl(Play)</onclick>
                        </include>
                        <include content="DialogInfo_ExpandedButton">
                            <param name="id">9004</param>
                            <param name="groupid">9104</param>
                            <param name="label">$LOCALIZE[31483]</param>
                            <param name="icon">special://skin/extras/icons/repeat2.png</param>
                            <param name="visible">!String.IsEmpty(Window(Home).Property(PlayTrailer))</param>
                            <onclick>PlayMedia($ESCINFO[Window(Home).Property(PlayTrailer)],False,1)</onclick>
                        </include>
                        <include content="DialogInfo_ExpandedButton">
                            <param name="id">9005</param>
                            <param name="groupid">9105</param>
                            <param name="label">Fullscreen</param>
                            <param name="icon">special://skin/extras/icons/fullscreen.png</param>
                            <param name="visible">Player.HasVideo</param>
                            <onback condition="!String.IsEmpty(Window.Property(TrailerFullscreen)) + Player.HasVideo">ClearProperty(TrailerFullscreen,1123)</onback>
                            <onback condition="!String.IsEmpty(Window.Property(TrailerFullscreen)) + Player.HasVideo">9000</onback>
                            <onclick condition="String.IsEmpty(Window.Property(TrailerFullscreen))">SetProperty(TrailerFullscreen,True,1123)</onclick>
                            <onclick condition="!String.IsEmpty(Window.Property(TrailerFullscreen))">ClearProperty(TrailerFullscreen,1123)</onclick>
                            <onunfocus>ClearProperty(TrailerFullscreen,1123)</onunfocus>
                        </include>
                    </control>
                </control>
            </control>
        </control>

        <control type="group">
            <visible>Player.HasVideo</visible>
            <visible>!String.IsEmpty(Window.Property(TrailerFullscreen))</visible>
            <control type="image">
                <texture colordiffuse="black">common/white.png</texture>
            </control>
            <control type="videowindow" />
        </control>
    </controls>
</window>